#France
- name: AIN
  country_id: '68'
  id: '101'
  abbr: AIN
  
- name: AISNE
  country_id: '68'
  id: '102'
  abbr: AIS
  
- name: ALLIER
  country_id: '68'
  id: '103'
  abbr: ALL
  
- name: HAUTES ALPES
  country_id: '68'
  id: '104'
  abbr: HAL
  
- name: ALPES DE HAUTE PROVENCE
  country_id: '68'
  id: '105'
  abbr: AHP
  
- name: ALPES MARITIMES
  country_id: '68'
  id: '106'
  abbr: AM

- name: ARDECHE
  country_id: '68'
  id: '107'
  abbr: ARD

- name: ARDENNES
  country_id: '68'
  id: '108'
  abbr: ARS

- name: ARIEGE
  country_id: '68'
  id: '109'
  abbr: ARI

- name: AUBE
  country_id: '68'
  id: '110'
  abbr: AUB

- name: AUDE
  country_id: '68'
  id: '111'
  abbr: AUD

- name: AVEYRON
  country_id: '68'
  id: '112'
  abbr: AVE

- name: BOUCHES DU RHONE
  country_id: '68'
  id: '113'
  abbr: BDR

- name: CALVADOS
  country_id: '68'
  id: '114'
  abbr: CAL

- name: CANTAL
  country_id: '68'
  id: '115'
  abbr: CAN

- name: CHARENTE
  country_id: '68'
  id: '116'
  abbr: CHA

- name: CHARENTE MARITIME
  country_id: '68'
  id: '117'
  abbr: CHM

- name: CHER
  country_id: '68'
  id: '118'
  abbr: CHE

- name: CORREZE
  country_id: '68'
  id: '119'
  abbr: COR

- name: CORSE DU SUD
  country_id: '68'
  id: '120'
  abbr: CDS

- name: HAUTE CORSE
  country_id: '68'
  id: '121'
  abbr: HCO

- name: COTE D OR
  country_id: '68'
  id: '122'
  abbr: CDO

- name: COTES D ARMOR
  country_id: '68'
  id: '123'
  abbr: CDA

- name: CREUSE
  country_id: '68'
  id: '124'
  abbr: CRE

- name: DORDOGNE
  country_id: '68'
  id: '125'
  abbr: DOR

- name: DOUBS
  country_id: '68'
  id: '126'
  abbr: DOU
  
- name: DROME
  country_id: '68'
  id: '127'
  abbr: DRO

- name: EURE
  country_id: '68'
  id: '128'
  abbr: EUR

- name: EURE ET LOIR
  country_id: '68'
  id: '129'
  abbr: EEL

- name: FINISTERE
  country_id: '68'
  id: '130'
  abbr: FIN

- name: GARD
  country_id: '68'
  id: '131'
  abbr: GAR

- name: HAUTE GARONNE
  country_id: '68'
  id: '132'
  abbr: HGA

- name: GERS
  country_id: '68'
  id: '133'
  abbr: GER

- name: GIRONDE
  country_id: '68'
  id: '134'
  abbr: GIR

- name: HERAULT
  country_id: '68'
  id: '135'
  abbr: HER

- name: ILE ET VILAINE
  country_id: '68'
  id: '136'
  abbr: IEV

- name: INDRE
  country_id: '68'
  id: '137'
  abbr: IND

- name: INDRE ET LOIRE
  country_id: '68'
  id: '138'
  abbr: IEL

- name: ISERE
  country_id: '68'
  id: '139'
  abbr: ISE

- name: JURA
  country_id: '68'
  id: '140'
  abbr: JUR

- name: LANDES
  country_id: '68'
  id: '141'
  abbr: LAN

- name: LOIR ET CHER
  country_id: '68'
  id: '142'
  abbr: LEC

- name: LOIRE
  country_id: '68'
  id: '143'
  abbr: LOI

- name: HAUTE LOIRE
  country_id: '68'
  id: '144'
  abbr: HLO

- name: LOIRE ATLANTIQUE
  country_id: '68'
  id: '145'
  abbr: LAT

- name: LOIRET
  country_id: '68'
  id: '146'
  abbr: LET

- name: LOT
  country_id: '68'
  id: '147'
  abbr: LOT

- name: LOT ET GARONNE
  country_id: '68'
  id: '148'
  abbr: LEG

- name: LOZERE
  country_id: '68'
  id: '149'
  abbr: LOZ

- name: MAINE ET LOIRE
  country_id: '68'
  id: '150'
  abbr: MEL

- name: MANCHE
  country_id: '68'
  id: '151'
  abbr: MAN

- name: MARNE
  country_id: '68'
  id: '152'
  abbr: MAR

- name: HAUTE MARNE
  country_id: '68'
  id: '153'
  abbr: HMA

- name: MAYENNE
  country_id: '68'
  id: '154'
  abbr: MAY

- name: MEURTHE ET MOSELLE
  country_id: '68'
  id: '155'
  abbr: MEM

- name: MEUSE
  country_id: '68'
  id: '156'
  abbr: MEU

- name: MORBIHAN
  country_id: '68'
  id: '157'
  abbr: MOR

- name: MOSELLE
  country_id: '68'
  id: '158'
  abbr: MOS

- name: NIEVRE
  country_id: '68'
  id: '159'
  abbr: NIE

- name: NORD
  country_id: '68'
  id: '160'
  abbr: NOR

- name: OISE
  country_id: '68'
  id: '161'
  abbr: OIS

- name: ORNE
  country_id: '68'
  id: '162'
  abbr: ORN

- name: PAS DE CALAIS
  country_id: '68'
  id: '163'
  abbr: PDC

- name: PUY DE DOME
  country_id: '68'
  id: '164'
  abbr: PDD

- name: PYRENEES ATLANTIQUES
  country_id: '68'
  id: '165'
  abbr: PAT

- name: HAUTES PYRENEES
  country_id: '68'
  id: '166'
  abbr: HPY

- name: PYRENEES ORIENTALES
  country_id: '68'
  id: '167'
  abbr: PYO

- name: BAS RHIN
  country_id: '68'
  id: '168'
  abbr: BRH

- name: HAUT RHIN
  country_id: '68'
  id: '169'
  abbr: HRH

- name: RHONE
  country_id: '68'
  id: '170'
  abbr: RHO

- name: HAUTE SAONE
  country_id: '68'
  id: '171'
  abbr: HSA

- name: SAONE ET LOIRE
  country_id: '68'
  id: '172'
  abbr: SEL

- name: SARTHE
  country_id: '68'
  id: '173'
  abbr: SAR

- name: SAVOIE
  country_id: '68'
  id: '174'
  abbr: SAV

- name: HAUTE SAVOIE
  country_id: '68'
  id: '175'
  abbr: HSA

- name: PARIS
  country_id: '68'
  id: '176'
  abbr: PAR

- name: SEINE MARITIME
  country_id: '68'
  id: '177'
  abbr: SMA

- name: SEINE ET MARNE
  country_id: '68'
  id: '178'
  abbr: SEM

- name: YVELINES
  country_id: '68'
  id: '179'
  abbr: YVE

- name: DEUX SEVRES
  country_id: '68'
  id: '180'
  abbr: DSE

- name: SOMME
  country_id: '68'
  id: '181'
  abbr: SOM

- name: TARN
  country_id: '68'
  id: '182'
  abbr: TAR

- name: TARN ET GARONNE
  country_id: '68'
  id: '183'
  abbr: TEG

- name: VAR
  country_id: '68'
  id: '184'
  abbr: VAR

- name: VAUCLUSE
  country_id: '68'
  id: '185'
  abbr: VAU

- name: VENDEE
  country_id: '68'
  id: '186'
  abbr: VEN

- name: VIENNE
  country_id: '68'
  id: '187'
  abbr: VIE

- name: HAUTE VIENNE
  country_id: '68'
  id: '188'
  abbr: HVI

- name: VOSGES
  country_id: '68'
  id: '189'
  abbr: VOS

- name: YONNE
  country_id: '68'
  id: '190'
  abbr: YON

- name: TERRITOIRE DE BELFORT
  country_id: '68'
  id: '191'
  abbr: TDB

- name: ESSONNE
  country_id: '68'
  id: '192'
  abbr: ESS

- name: HAUTS DE SEINE
  country_id: '68'
  id: '193'
  abbr: HDS

- name: SEINE SAINT DENIS
  country_id: '68'
  id: '194'
  abbr: SSD

- name: VAL DE MARNE
  country_id: '68'
  id: '195'
  abbr: VDM

- name: VAL D OISE
  country_id: '68'
  id: '196'
  abbr: VDO

- name: MAYOTTE
  country_id: '68'
  id: '197'
  abbr: MYO

- name: GUADELOUPE
  country_id: '68'
  id: '198'
  abbr: GUA

- name: GUYANE
  country_id: '68'
  id: '199'
  abbr: GUY

- name: MARTINIQUE
  country_id: '68'
  id: '200'
  abbr: MAE

- name: REUNION
  country_id: '68'
  id: '201'
  abbr: REU

- name: SAINT PIERRE ET MIQUELON
  country_id: '68'
  id: '202'
  abbr: SPM